workflow,official_reference,acceptance_path,reference_fixture,reference_capture,status,prerequisite,native_acceptance_evidence,executable_comparison
Project creation and settings,https://docs.pixel-composer.com/getting_started.html,Create project; set dimensions and animation settings; save and reopen with matching values,unrecorded,supplied media: 005_nodes.png; observation only,blocked,Complete native project fixture acceptance; controlled executable comparison remains separately unavailable,No complete native workflow acceptance evidence reviewed,unverified: licensed reference executable unavailable
Collections and assets,https://docs.pixel-composer.com/interfaces/collection_panel.html,Import and organize assets; link into graph; save and reopen with stable references,unrecorded,supplied media: 005_nodes.png; observation only,blocked,Complete native asset fixture acceptance; controlled executable comparison remains separately unavailable,No complete native workflow acceptance evidence reviewed,unverified: licensed reference executable unavailable
Node discovery,https://docs.pixel-composer.com/interfaces/nodes_panel.html,Search every documented node and place it on graph canvas,unrecorded,supplied media: 005_nodes.png; observation only,blocked,Complete native node inventory reconciliation acceptance; controlled executable comparison remains separately unavailable,"Native catalogue registration and source-default placement tested in mono.studio/tests/ImageGraph.cpp; headless adapter only, interactive node-search acceptance remains unverified",unverified: licensed reference executable unavailable
Graph canvas,https://docs.pixel-composer.com/interfaces/graph_panel.html,Create move connect disconnect and delete nodes; save and reopen layout and links,unrecorded,supplied media: 005_nodes.png; 008_3d.png; 001_effect_2.gif; 006_effects.gif; 007_simulation.gif; observation only,blocked,Complete native graph fixture acceptance; controlled executable comparison remains separately unavailable,Native canvas add/remove/link and durable document round trips tested in mono.studio/tests/ImageGraph.cpp; mouse/keyboard canvas workflow remains unverified,unverified: licensed reference executable unavailable
Typed junctions,https://docs.pixel-composer.com/nodes/junctions.html,Exercise compatible and incompatible links with matching diagnostics,unrecorded,unrecorded,blocked,Complete native typed-port fixtures acceptance; controlled executable comparison remains separately unavailable,No complete native workflow acceptance evidence reviewed,unverified: licensed reference executable unavailable
Arrays,https://docs.pixel-composer.com/nodes/array_processor.html,Create nested array inputs with Spread Array off/on; run two unequal arrays through Loop Hold Expand and Expand Inverse; inspect ordered outputs and bounded overflow diagnostics,native nested Spread/index and Height Blend four-mode fixtures pass; remaining processors unrecorded,unrecorded,blocked,extend modes to remaining supported processors; resolve unequal-length Expand Inverse source/docs discrepancy; controlled reference fixture unavailable,No complete native workflow acceptance evidence reviewed,unverified: licensed reference executable unavailable
Groups and subgraphs,https://docs.pixel-composer.com/nodes/,Create group and inline group with inputs and outputs; reopen and evaluate graph,unrecorded,unrecorded,blocked,Complete native group fixture acceptance; controlled executable comparison remains separately unavailable,Nested image group interfaces and junction routes tested in mono.studio/tests/ImageGraph.cpp; interactive grouping workflow remains unverified,unverified: licensed reference executable unavailable
Inspector and properties,https://docs.pixel-composer.com/interfaces/inspector_panel.html,Edit documented inputs and attributes; inspect resulting graph output and saved values,unrecorded,supplied media: 005_nodes.png; 008_3d.png; 006_effects.gif; 007_simulation.gif; observation only,blocked,Complete native property fixture acceptance; controlled executable comparison remains separately unavailable,No complete native workflow acceptance evidence reviewed,unverified: licensed reference executable unavailable
Palette editor,https://docs.pixel-composer.com/interfaces/color_selector/palette_editor.html,Create and edit a palette; apply it to a node; verify saved colors and output,unrecorded,supplied media: 005_nodes.png; observation only,blocked,Complete native palette fixture acceptance; controlled executable comparison remains separately unavailable,No complete native workflow acceptance evidence reviewed,unverified: licensed reference executable unavailable
Gradient editor,https://docs.pixel-composer.com/interfaces/color_selector/gradient_editor.html,Create and edit gradient stops; apply to graph; verify saved stops and output,unrecorded,unrecorded,blocked,Complete native gradient fixture acceptance; controlled executable comparison remains separately unavailable,No complete native workflow acceptance evidence reviewed,unverified: licensed reference executable unavailable
2D preview,https://docs.pixel-composer.com/interfaces/preview_panel.html,Inspect selected 2D outputs across zoom and frame changes; compare captured pixels,unrecorded,supplied media: 005_nodes.png; 001_effect_2.gif; 006_effects.gif; 007_simulation.gif; observation only,blocked,Complete native image fixture acceptance; controlled executable comparison remains separately unavailable,No complete native workflow acceptance evidence reviewed,unverified: licensed reference executable unavailable
3D preview,https://docs.pixel-composer.com/interfaces/preview_panel_3D.html,Inspect controlled 3D scene at fixed camera and render settings; compare capture,unrecorded,supplied media: 008_3d.png; observation only,blocked,Complete native 3D fixture acceptance; controlled executable comparison remains separately unavailable,No complete native workflow acceptance evidence reviewed,unverified: licensed reference executable unavailable
Timeline and keyframes,https://docs.pixel-composer.com/interfaces/animation_panel.html,Set keyframes and seek across start middle end and wrap; capture parameter and output values,unrecorded,supplied media: 005_nodes.png; 001_effect_2.gif; 006_effects.gif; 007_simulation.gif; observation only,blocked,native v4 fixed-tick legacy and source-side easing with bounded hold/loop/ping/wrap tracks; Studio timeline authoring and executable reference comparison remain,"Native authored track round trips, scalar sine driver and bounded playback tested in mono.studio/tests/ImageGraph.cpp; complete interactive timeline workflow remains unverified",unverified: licensed reference executable unavailable
Animation drivers,https://docs.pixel-composer.com/animations/driver.html,Bind driver and evaluate its documented frame behavior,unrecorded,unrecorded,blocked,Complete native driver fixture acceptance; controlled executable comparison remains separately unavailable,No complete native workflow acceptance evidence reviewed,unverified: licensed reference executable unavailable
Animation looping,https://docs.pixel-composer.com/animations/looping.html,Exercise supported playback modes at boundaries and fractional frames,unrecorded,unrecorded,blocked,"native bounded pure loop/stop/pingpong schedule and rounded seek fixtures; Studio playback, unrounded fractional frames and executable reference comparison remain","Native fixed-tick pingpong, catch-up and fractional seek tested in mono.studio/tests/ImageGraph.cpp; all documented playback controls remain unverified",unverified: licensed reference executable unavailable
Batch export,https://docs.pixel-composer.com/exporting.html,Export still sequence and animation with documented formats and frame selection,native imagegraph runner PNG frame bundle with deterministic manifest and rollback tests; Pixel Composer fixture unrecorded,supplied media: 006_effects.gif; observation only,blocked,other documented formats and animation export behavior; Node_Export mapping; controlled executable comparison,"Native PNG bundle, rollback, ranges and image-array manifests tested in mono.tools/imagegraph/tests/Runner.cpp; other formats and documented export node remain incomplete",unverified: licensed reference executable unavailable
Headless CLI,https://docs.pixel-composer.com/misc/command_line.html,Run saved export project headlessly with globals; compare files and exit behavior,unrecorded,unrecorded,blocked,Complete native CLI fixture acceptance; controlled executable comparison remains separately unavailable,"Native runner overrides, hashes, frame ranges, bounded failures and captured audio tested in mono.tools/imagegraph/tests/Runner.cpp; official CLI contract and all export formats remain unverified",unverified: licensed reference executable unavailable
Scripting and expressions,https://docs.pixel-composer.com/scriptings/index.html,Exercise expression Lua HLSL and shell nodes under declared host policy,unrecorded,unrecorded,blocked,Complete native scripting fixtures acceptance; controlled executable comparison remains separately unavailable,No complete native workflow acceptance evidence reviewed,unverified: licensed reference executable unavailable
Diagnostics and profiling,https://docs.pixel-composer.com/misc/console_command.html,Trigger invalid graph and runtime error; capture diagnostics and profiler controls,unrecorded,unrecorded,blocked,Complete native diagnostic fixture acceptance; controlled executable comparison remains separately unavailable,No complete native workflow acceptance evidence reviewed,unverified: licensed reference executable unavailable
Tilesets and project IO,https://docs.pixel-composer.com/nodes/io/tileset/,Create tileset export and reopen via project IO; compare structure and image,unrecorded,unrecorded,blocked,Complete native tileset fixture acceptance; controlled executable comparison remains separately unavailable,No complete native workflow acceptance evidence reviewed,unverified: licensed reference executable unavailable
